itemno,stim_type,noun,adjective,cosine_metric,noun_freq,noun_char,noun_syll,noun_phon,adj_freq,adj_char,adj_syll,adj_phon,condition,arousal,concreteness,imageability,meaningfulness,cluster
1,TARG,akadály,lehetetlen,1,6030,7,3,2,5822,10,4,6,TARG,5.4,4.65,3.6,6.3,1
2,TARG,albérlet,szegényes,1,547,8,3,1,439,9,3,7,TARG,4.5,5.55,6.5,6.05,2
3,TARG,alkatrész,műszaki,1,2625,9,3,2,11955,7,3,1,TARG,1.6,5.9,5.6,6.45,3
4,TARG,alkohol,legális,1,3138,7,3,2,1848,7,3,3,TARG,2.75,5.45,5.2,5.3,4
5,TARG,állatkert,egzotikus,1,2056,9,3,3,643,9,4,1,TARG,2.95,5.45,5.6,6.45,4
6,TARG,áruházlánc,veszteséges,1,935,10,4,2,1234,11,4,8,TARG,2.7,4.85,4.1,5.9,2
7,TARG,ásványvíz,minőségi,1,963,9,3,1,4832,8,4,2,TARG,1.85,6.05,5.25,6.4,2
8,TARG,aszfalt,hibátlan,1,977,7,2,4,863,8,3,1,TARG,1.95,6.3,6.7,6.65,4
9,TARG,baktérium,növényi,1,1448,9,4,1,968,7,3,7,TARG,2.25,4.75,2.95,5.85,2
10,TARG,barátnő,középkorú,1,3479,7,3,1,1253,9,4,8,TARG,1.95,5.9,5.5,6.1,4
11,TARG,barlang,lakatlan,1,1015,7,2,2,471,8,3,2,TARG,2.9,6.2,6.1,6.3,4
12,TARG,benzinkút,hajnali,1,1490,9,3,1,3888,7,3,8,TARG,2.85,5.25,6.5,4.8,2
13,TARG,bölcsőde,szomszédos,1,1219,8,3,1,5450,10,3,7,TARG,1.7,6.1,5.1,6.55,2
14,TARG,boríték,érvénytelen,1,1364,7,3,3,1401,11,4,2,TARG,2.8,4.1,4.1,3.4,5
15,TARG,csecsemő,egészséges,1,2039,8,3,2,7076,10,4,8,TARG,2.6,6.5,6.55,6.6,4
16,TARG,csengőhang,többféle,1,2279,10,3,1,2956,8,3,1,TARG,2.25,4.55,3.55,5.8,2
17,TARG,csillagász,figyelmes,1,606,10,3,4,1273,9,3,8,TARG,1.9,4.4,4.85,5.8,2
18,TARG,csomagolás,ízléses,1,1577,10,4,4,472,7,3,7,TARG,1.35,5.8,6.1,6.05,2
19,TARG,diáklány,ártatlan,1,819,8,3,4,2035,8,3,5,TARG,2.8,5.3,5.35,6.6,2
20,TARG,diktátor,kegyetlen,1,1821,8,3,4,1493,9,3,2,TARG,6,5.8,6.2,6.7,1
21,TARG,díszlet,színpadi,1,1420,7,2,3,1542,8,3,5,TARG,2.1,5.9,6.35,6.75,4
22,TARG,díszterem,patinás,1,1123,9,3,1,802,7,3,4,TARG,2.3,5.2,5.55,5.05,2
23,TARG,egyenruha,rendőri,1,1598,9,4,1,6998,7,3,1,TARG,3.4,6.75,6.65,6.9,2
24,TARG,étterem,elegáns,1,4657,7,3,4,3281,7,3,1,TARG,2.55,6.1,6.75,6.9,4
25,TARG,fejedelem,történelmi,1,903,9,4,3,14910,10,4,7,TARG,1.85,5.25,5.15,6.2,3
26,TARG,fejfájás,kellemetlen,1,1351,8,3,4,3486,11,4,1,TARG,5.85,5.5,5.25,6.7,5
27,TARG,folyadék,elegendő,1,1438,8,3,3,9296,8,4,1,TARG,2.65,4.85,5.45,6.5,3
28,TARG,gorilla,érzékeny,1,659,7,3,2,3895,8,3,3,TARG,3.1,4,4.3,4.9,6
29,TARG,hangszer,autentikus,1,1828,8,2,3,526,10,5,1,TARG,2,4.6,3.7,4.7,5
30,TARG,háziorvos,elégedetlen,1,2011,9,4,4,2000,11,5,3,TARG,4.1,5.6,5.2,5.6,7
31,TARG,helyezés,végleges,1,5834,8,3,4,7802,8,3,3,TARG,2.95,4.45,3.65,5.2,4
32,TARG,horgász,tradicionális,1,707,7,2,2,850,13,6,1,TARG,2.1,4.65,5,4.65,5
33,TARG,iránytű,hasznos,1,794,7,3,2,9089,7,2,7,TARG,1.75,5.45,6.15,6.3,3
34,TARG,kánikula,tavaszi,1,1200,8,4,1,5301,7,3,7,TARG,4.05,5.35,5.25,5.1,2
35,TARG,kapitány,rutinos,1,6280,8,3,5,669,7,3,6,TARG,1.95,6,5.15,6.1,4
36,TARG,kastély,csodálatos,1,2771,7,2,4,3144,10,4,8,TARG,2.85,6,6.75,6.35,4
37,TARG,képregény,izgalmas,1,1156,9,3,5,6482,8,3,7,TARG,3.45,6.15,5.8,6.7,2
38,TARG,kerékpár,elektromos,1,3466,8,3,3,4185,10,4,2,TARG,1.75,6.55,6.7,6.95,4
39,TARG,készpénz,csekély,1,3600,8,2,3,3258,7,2,2,TARG,4.95,4.5,5.7,6.15,1
40,TARG,kesztyű,férfias,1,891,7,2,1,506,7,3,6,TARG,1.7,5.45,4.85,5.4,6
41,TARG,királynő,szépséges,1,2060,8,3,2,414,9,3,8,TARG,2.6,5.15,6.55,6.7,2
42,TARG,kirándulás,hétvégi,1,1896,10,4,4,4177,7,3,5,TARG,2.95,6.05,6.3,6.9,2
43,TARG,kolbász,tonnányi,1,867,7,2,2,533,8,3,1,TARG,2.6,6.05,5.95,6.15,4
44,TARG,kollégium,főiskolai,1,3139,9,4,3,1294,9,5,2,TARG,2.5,6.6,6.2,6.45,7
45,TARG,kolostor,hajdani,1,1099,8,3,4,1367,7,3,7,TARG,2.3,4.65,5.65,5.75,2
46,TARG,költészet,mágikus,1,1207,9,3,4,454,7,3,1,TARG,2.6,3,3.15,3.85,2
47,TARG,kommentár,terjedelmes,1,2449,9,3,2,699,11,4,5,TARG,2.2,4.4,4,5.3,4
48,TARG,legénység,katonai,1,1179,9,3,4,14642,7,4,3,TARG,4.35,6,5.9,6.15,3
49,TARG,lépcsőház,emeletes,1,634,9,3,1,491,8,4,8,TARG,1.65,6.05,6.5,6.1,4
50,TARG,levéltár,régészeti,1,1665,8,3,3,1293,9,4,4,TARG,1.85,4.6,5.6,5.75,4
51,TARG,magazin,tudományos,1,7307,7,3,2,11632,10,4,5,TARG,1.8,6.3,6.45,6.15,4
52,TARG,matrica,fizetős,1,1479,7,3,2,2152,7,3,2,TARG,2.75,5.8,5.4,5.6,4
53,TARG,mellény,sportos,1,909,7,2,5,700,7,2,7,TARG,1.45,5.9,6,6,4
54,TARG,menetrend,szokásos,1,4833,9,3,2,8246,8,3,6,TARG,1.7,5.4,4.45,6.65,4
55,TARG,mikrofon,vezetékes,1,1847,8,3,1,3193,9,4,8,TARG,1.25,6.45,6.75,6.25,4
56,TARG,monitor,kijelzős,1,3644,7,3,3,489,8,3,2,TARG,1.25,6,6.15,5.15,4
57,TARG,műalkotás,korabeli,1,784,9,4,1,2056,8,4,3,TARG,2,5.45,4.75,6.2,2
58,TARG,műanyag,felesleges,1,3590,7,3,1,4304,10,4,7,TARG,3.55,4.95,5.15,6.3,4
59,TARG,műemlék,természeti,1,1457,7,3,1,3805,10,4,6,TARG,2.45,4.95,5.05,4.45,4
60,TARG,mutatvány,szánalmas,1,716,9,3,3,685,9,3,4,TARG,4.45,4.9,3.5,6.1,4
61,TARG,művészet,vizuális,1,6299,8,3,1,1406,8,4,1,TARG,2.15,4.8,4.3,5.65,4
62,TARG,nagymama,kedvenc,1,1874,8,3,1,9838,7,2,3,TARG,3.25,6,5.9,6.8,3
63,TARG,napsütés,felhőtlen,1,3340,8,3,2,612,9,3,1,TARG,3,6.1,6.45,6.6,4
64,TARG,novella,tanulságos,1,925,7,3,1,805,10,4,6,TARG,2.45,5.4,3.05,6.5,4
65,TARG,olimpikon,legendás,1,644,9,4,2,3949,8,3,5,TARG,2.15,5.8,5.5,6.6,2
66,TARG,oroszlán,nyugodt,1,1351,8,3,3,2967,7,2,2,TARG,2.1,5.9,6.5,6.35,2
67,TARG,osztályzat,közepes,1,1028,10,3,3,4363,7,3,8,TARG,4.55,6.45,6.4,6.95,2
68,TARG,ösztöndíj,tanulmányi,1,2344,9,3,1,1823,10,4,8,TARG,3.6,6.65,4.5,6.8,2
69,TARG,pénztárca,ismeretlen,1,1902,9,3,3,17883,10,4,7,TARG,3.55,4.9,4.9,6.15,3
70,TARG,pisztoly,törvénytelen,1,1679,8,2,3,1475,12,4,3,TARG,4.75,4.9,4.9,5.3,5
71,TARG,professzor,közgazdasági,1,6091,10,3,5,1411,12,5,4,TARG,1.9,6.5,5.5,6.65,7
72,TARG,rémálom,szomorú,1,769,7,3,1,3745,7,3,3,TARG,5.8,4.8,4.45,5.5,1
73,TARG,repülőjegy,érvényes,1,590,10,4,0,10878,8,3,6,TARG,2.8,6.75,6.4,6.9,3
74,TARG,sütemény,születésnapi,1,1032,8,3,3,731,12,5,2,TARG,2.65,6.75,6.7,6.6,4
75,TARG,szabadidő,kellemes,1,1588,9,4,1,5875,8,3,8,TARG,3.6,4.9,5.65,6.15,2
76,TARG,szakadék,iszonyatos,1,1478,8,3,4,452,10,4,6,TARG,5.1,4.75,5.85,5.65,5
77,TARG,szélvihar,hirtelen,1,490,9,3,0,6756,8,3,4,TARG,4.6,6.2,6.2,6.65,2
78,TARG,szemüveg,kényelmes,1,1594,8,3,4,3437,9,3,8,TARG,2.15,6.1,6.05,6.7,2
79,TARG,szerszám,trükkös,1,812,8,2,4,689,7,2,7,TARG,1.7,3.15,3.55,4.15,6
80,TARG,színdarab,humoros,1,571,9,3,1,799,7,3,7,TARG,2.85,5.95,5.95,6.8,2
81,TARG,szőnyeg,használati,1,1303,7,2,1,1806,10,4,5,TARG,1.9,3.55,4.25,3.8,6
82,TARG,találmány,forradalmi,1,1346,9,3,4,2505,10,4,3,TARG,2.9,4.5,4.35,6.45,4
83,TARG,tananyag,iskolai,1,1192,8,3,3,5542,7,4,3,TARG,3.9,5.65,4.85,6.9,3
84,TARG,tanfolyam,gyakorlati,1,1871,9,3,2,3948,10,4,8,TARG,1.9,6.1,4.1,6.1,2
85,TARG,távirat,udvarias,1,635,7,3,2,446,8,4,1,TARG,2.1,4.8,4.45,5.15,6
86,TARG,telefonszám,otthoni,1,4732,11,4,2,4288,7,3,8,TARG,1.4,6.5,4.3,6.65,2
87,TARG,tévéműsor,félelmetes,1,648,9,4,1,1112,10,4,2,TARG,5.45,5.8,5.05,6.6,2
88,TARG,törmelék,építkezési,1,730,8,3,1,395,10,5,7,TARG,1.9,6.55,6.8,6.4,4
89,TARG,tudomány,mérnöki,1,3986,8,3,5,877,7,3,6,TARG,1.7,4.75,3.4,6,4
90,TARG,tűzijáték,nagyszabású,1,1585,9,4,1,3070,11,4,1,TARG,2.9,6.2,6.9,6.6,2
91,TARG,újságcikk,botrányos,1,503,9,3,0,1508,9,3,4,TARG,3.75,5.45,5.65,6.55,2
92,TARG,útlezárás,helyszíni,1,1291,9,4,3,4087,9,3,7,TARG,3.75,6.6,6.45,6.5,2
93,TARG,útmutatás,erkölcsi,1,703,9,4,2,4377,8,3,7,TARG,3.2,4.1,2.7,6.3,2
94,TARG,vacsora,zártkörű,1,2517,7,3,1,562,8,3,1,TARG,2.45,5.85,5.4,6.9,4
95,TARG,végállomás,ideiglenes,1,893,10,4,4,4073,10,5,1,TARG,2.95,4.15,3.65,4.7,2
96,TARG,ventilátor,masszív,1,1165,10,4,3,982,7,2,2,TARG,1.6,4.5,5.6,5.5,2
97,TARG,világítás,hangulatos,1,1393,9,4,5,1112,10,4,5,TARG,2.95,5.9,6.4,6.85,2
98,TARG,zarándok,keresztény,1,1047,8,3,2,7533,10,3,5,TARG,2.05,5.9,5.65,5.75,2
99,TARG,zeneszerző,nagyszerű,1,2295,10,4,1,4154,9,3,1,TARG,2.35,5.5,5.55,6.65,2
100,TARG,zöldség,rendszeres,1,2637,7,2,3,5423,10,3,8,TARG,1.9,2,2.65,2.4,6
1,CLOSE,akadály,reménytelen,0.841877162,6030,7,3,2,1273,11,4,4,CLOSE,4.8,3.9,2.9,4.5,1
2,CLOSE,albérlet,siralmas,0.779310584,547,8,3,1,402,8,3,5,CLOSE,5.05,5.45,6.05,6,2
3,CLOSE,alkatrész,technikai,0.830841959,2625,9,3,2,7859,9,4,3,CLOSE,2.15,4.85,4.45,5.45,2
4,CLOSE,alkohol,biztonságos,0.75390619,3138,7,3,2,8412,11,4,6,CLOSE,3.5,2.55,2.7,3.1,6
5,CLOSE,állatkert,különleges,0.800258636,2056,9,3,3,12581,10,4,1,CLOSE,2.5,4.8,5.2,5.4,3
6,CLOSE,áruházlánc,nyereséges,0.913185298,935,10,4,2,888,10,4,8,CLOSE,1.75,5.95,4.4,6.5,2
7,CLOSE,ásványvíz,színvonalas,0.798672318,963,9,3,1,1782,11,4,5,CLOSE,1.5,3.65,3.15,3.4,5
8,CLOSE,aszfalt,szabályos,0.777173936,977,7,2,4,978,9,3,5,CLOSE,1.1,5.1,5.6,4.75,6
9,CLOSE,baktérium,létfontosságú,0.750643611,1448,9,4,1,894,13,5,3,CLOSE,2.3,4.05,2.95,4.8,5
10,CLOSE,barátnő,tizenéves,0.831807971,3479,7,3,1,940,9,4,2,CLOSE,3.85,5.45,5.9,6.2,4
11,CLOSE,barlang,elhagyatott,0.803201675,1015,7,2,2,307,11,4,2,CLOSE,3.35,6.25,6.6,6.15,4
12,CLOSE,benzinkút,délutáni,0.792105377,1490,9,3,1,6707,8,4,5,CLOSE,1.6,2.65,3.5,2.7,5
13,CLOSE,bölcsőde,környékbeli,0.784632623,1219,8,3,1,1283,11,4,2,CLOSE,1.5,6.15,6.3,6.45,4
14,CLOSE,boríték,szavazási,0.75406909,1364,7,3,3,407,9,4,7,CLOSE,3.5,6.65,6.65,6.85,4
15,CLOSE,csecsemő,normális,0.799326122,2039,8,3,2,4470,8,3,4,CLOSE,2.95,4.65,4.75,4.45,6
16,CLOSE,csengőhang,változatos,0.843068182,2279,10,3,1,2172,10,4,6,CLOSE,2.55,4,4.4,5.35,2
17,CLOSE,csillagász,türelmes,0.756633878,606,10,3,4,495,8,3,7,CLOSE,2.2,4.5,4.55,5.3,2
18,CLOSE,csomagolás,tetszetős,0.890869737,1577,10,4,4,725,9,3,1,CLOSE,2.1,5.45,6.35,6.25,2
19,CLOSE,diáklány,védtelen,0.762401283,819,8,3,4,650,8,3,5,CLOSE,4.7,5.4,6.25,6.05,1
20,CLOSE,diktátor,szörnyű,0.891018629,1821,8,3,4,2251,7,2,4,CLOSE,6.3,5.9,6.4,6.55,1
21,CLOSE,díszlet,művészi,0.82010299,1420,7,2,3,2366,7,3,1,CLOSE,1.7,5.7,5.8,6.05,4
22,CLOSE,díszterem,tekintélyes,0.816129208,1123,9,3,1,2353,11,4,6,CLOSE,3,4.6,5.55,5.35,2
23,CLOSE,egyenruha,parancsnoki,0.779847503,1598,9,4,1,431,11,4,6,CLOSE,2.35,6.25,6.6,6.35,2
24,CLOSE,étterem,stílusos,0.911637485,4657,7,3,4,854,8,3,4,CLOSE,2.15,5.1,5.95,6.5,4
25,CLOSE,fejedelem,régmúlt,0.764291883,903,9,4,3,301,7,2,1,CLOSE,2.1,4.3,3.45,4.2,2
26,CLOSE,fejfájás,borzalmas,0.831396163,1351,8,3,4,1061,9,3,6,CLOSE,5.8,5.95,6,6.75,1
27,CLOSE,folyadék,optimális,0.841039181,1438,8,3,3,1679,9,4,2,CLOSE,1.8,3.5,3.45,3.25,5
28,CLOSE,gorilla,problémás,0.775599658,659,7,3,2,1593,9,3,8,CLOSE,3.3,4.7,4.55,4.65,1
29,CLOSE,hangszer,könnyűzenei,0.794850826,1828,8,2,3,420,11,5,1,CLOSE,2.1,6.1,6.2,6.25,4
30,CLOSE,háziorvos,türelmetlen,0.762003958,2011,9,4,4,480,11,4,1,CLOSE,4.55,6.25,5.95,6.6,7
31,CLOSE,helyezés,jogerős,0.78364414,5834,8,3,4,4058,7,3,1,CLOSE,2.55,2.65,1.5,3.3,6
32,CLOSE,horgász,hagyományos,0.80270493,707,7,2,2,15070,11,4,6,CLOSE,1.3,4.15,5.5,4.8,3
33,CLOSE,iránytű,előnyös,0.804826856,794,7,3,2,2414,7,3,1,CLOSE,1.35,2.9,3.25,2.35,6
34,CLOSE,kánikula,márciusi,0.774796665,1200,8,4,1,2871,8,4,5,CLOSE,3.2,5.55,5.4,4.95,2
35,CLOSE,kapitány,szorgalmas,0.762966812,6280,8,3,5,404,10,3,6,CLOSE,1.7,5.35,5.3,5.85,4
36,CLOSE,kastély,páratlan,0.825480223,2771,7,2,4,1654,8,3,8,CLOSE,3.15,4.3,4.8,4.95,6
37,CLOSE,képregény,élvezetes,0.852174282,1156,9,3,5,1070,9,4,8,CLOSE,2.6,5.5,6,6.3,2
38,CLOSE,kerékpár,intelligens,0.787231982,3466,8,3,3,2053,11,4,1,CLOSE,1.9,3.15,2.8,3.4,5
39,CLOSE,készpénz,szerény,0.885355115,3600,8,2,3,3344,7,2,5,CLOSE,3.2,3.75,4.05,2.25,6
40,CLOSE,kesztyű,divatos,0.753719985,891,7,2,1,1703,7,3,3,CLOSE,1.95,6.05,6.2,6.75,4
41,CLOSE,királynő,gyönyörű,0.846518397,2060,8,3,2,4450,8,3,6,CLOSE,2.95,5.7,6.7,6.6,2
42,CLOSE,kirándulás,tegnapi,0.839792311,1896,10,4,4,6241,7,3,8,CLOSE,2.15,6.7,5.15,6.1,2
43,CLOSE,kolbász,méternyi,0.762132525,867,7,2,2,324,8,3,1,CLOSE,2.75,5.95,6.65,5.85,4
44,CLOSE,kollégium,felsőoktatási,0.809067011,3139,9,4,3,5953,13,6,1,CLOSE,3,6.65,6.25,6.7,7
45,CLOSE,kolostor,egykori,0.889039457,1099,8,3,4,20851,7,3,4,CLOSE,2.55,5,5.95,6.4,3
46,CLOSE,költészet,varázslatos,0.770221233,1207,9,3,4,651,11,4,5,CLOSE,2.4,3.15,3.5,5.4,2
47,CLOSE,kommentár,tartalmas,0.767767847,2449,9,3,2,883,9,3,7,CLOSE,1.65,3.6,2.9,5.2,2
48,CLOSE,legénység,szárazföldi,0.767406106,1179,9,3,4,925,11,4,4,CLOSE,2.55,5.8,5.35,5.25,2
49,CLOSE,lépcsőház,földszinti,0.757668078,634,9,3,1,355,10,3,4,CLOSE,1.5,5.85,5.2,5.6,2
50,CLOSE,levéltár,néprajzi,0.86576128,1665,8,3,3,881,8,3,3,CLOSE,2.1,5.7,4.9,5.95,2
51,CLOSE,magazin,kutatási,0.882873833,7307,7,3,2,3464,8,4,6,CLOSE,1.7,4.85,4.8,5.1,4
52,CLOSE,matrica,ingyenes,0.863539815,1479,7,3,2,13952,8,3,1,CLOSE,2.65,6.2,4.8,6.5,3
53,CLOSE,mellény,szabadidős,0.745925784,909,7,2,5,608,10,4,1,CLOSE,2.05,4.15,4.65,4.85,4
54,CLOSE,menetrend,változatlan,0.812076867,4833,9,3,2,3262,11,4,2,CLOSE,1.8,6.25,4.95,7,4
55,CLOSE,mikrofon,távközlési,0.781170011,1847,8,3,1,3781,10,4,8,CLOSE,1.75,3.85,3.55,4.2,5
56,CLOSE,monitor,érintős,0.854778469,3644,7,3,3,784,7,3,3,CLOSE,1.5,6.55,6.45,6.45,4
57,CLOSE,műalkotás,reneszánsz,0.743859231,784,9,4,1,1591,10,3,3,CLOSE,2.25,6.25,6.1,6.6,2
58,CLOSE,műanyag,értelmetlen,0.908448935,3590,7,3,1,1912,11,4,2,CLOSE,3,3.65,3.75,2.75,5
59,CLOSE,műemlék,őshonos,0.769399345,1457,7,3,1,766,7,3,1,CLOSE,2.2,4,3.75,4,6
60,CLOSE,mutatvány,nevetséges,0.869517088,716,9,3,3,1625,10,4,3,CLOSE,2.6,4.8,5.3,5.75,4
61,CLOSE,művészet,látványos,0.801142275,6299,8,3,1,6475,9,3,4,CLOSE,3.7,4.15,5.45,5.65,4
62,CLOSE,nagymama,népszerű,0.818452179,1874,8,3,1,16499,8,3,3,CLOSE,2.15,5.6,5.6,5.9,3
63,CLOSE,napsütés,zavartalan,0.824103177,3340,8,3,2,1197,10,4,1,CLOSE,2.75,5.95,6.1,5.75,4
64,CLOSE,novella,beszédes,0.783685148,925,7,3,1,637,8,3,7,CLOSE,3.3,4.4,3.75,4.9,1
65,CLOSE,olimpikon,világhírű,0.830680907,644,9,4,2,2877,9,4,4,CLOSE,2.25,6.3,5.75,6.9,2
66,CLOSE,oroszlán,csendes,0.851599276,1351,8,3,3,2305,7,2,7,CLOSE,2.15,5.45,5.7,6.3,2
67,CLOSE,osztályzat,átlagos,0.816440403,1028,10,3,3,10804,7,3,7,CLOSE,3.35,5.85,5.35,6.5,3
68,CLOSE,ösztöndíj,képzési,0.819112897,2344,9,3,1,2239,7,3,7,CLOSE,3.6,5.6,4.35,6.55,2
69,CLOSE,pénztárca,titokzatos,0.799133718,1902,9,3,3,1438,10,4,2,CLOSE,2.65,3.3,3.3,3.25,5
70,CLOSE,pisztoly,jogszerűtlen,0.816116393,1679,8,2,3,607,12,4,1,CLOSE,4.2,3.35,2.85,3.45,5
71,CLOSE,professzor,jogtudományi,0.774288118,6091,10,3,5,382,12,5,3,CLOSE,1.8,6.2,5.45,6.55,7
72,CLOSE,rémálom,sajnálatos,0.833719671,769,7,3,1,2647,10,4,3,CLOSE,5.4,3.75,4.3,4.45,1
73,CLOSE,repülőjegy,hatályos,0.821038723,590,10,4,0,4539,8,3,2,CLOSE,2.8,3.75,3.4,3.7,2
74,CLOSE,sütemény,jubileumi,0.802097797,1032,8,3,3,1377,9,5,4,CLOSE,1.55,4.35,3.15,3.8,5
75,CLOSE,szabadidő,örömteli,0.817380428,1588,9,4,1,1077,8,4,5,CLOSE,3.35,4.4,6,6.4,2
76,CLOSE,szakadék,rettenetes,0.891412258,1478,8,3,4,868,10,4,8,CLOSE,5.2,5.15,6.55,6.15,5
77,CLOSE,szélvihar,váratlan,0.850282848,490,9,3,0,2782,8,3,8,CLOSE,4.2,6.1,5.9,6.65,2
78,CLOSE,szemüveg,ideális,0.84095335,1594,8,3,4,3414,7,4,1,CLOSE,1.9,5.3,5,5.5,2
79,CLOSE,szerszám,alattomos,0.781269133,812,8,2,4,304,9,4,1,CLOSE,3.2,2.5,2.4,2.45,6
80,CLOSE,színdarab,mulatságos,0.848573506,571,9,3,1,401,10,4,5,CLOSE,3.3,5.9,6.2,6.9,4
81,CLOSE,szőnyeg,mindennapi,0.75152117,1303,7,2,1,5073,10,4,3,CLOSE,1.35,3.9,5,4.05,6
82,CLOSE,találmány,újszerű,0.758028567,1346,9,3,4,1147,7,3,1,CLOSE,2.2,5.1,4.05,5.75,2
83,CLOSE,tananyag,közoktatási,0.800020158,1192,8,3,3,2515,11,5,5,CLOSE,4.3,5.05,4,6.25,5
84,CLOSE,tanfolyam,elméleti,0.893452764,1871,9,3,2,2162,8,4,8,CLOSE,2.65,4.65,4.05,6.55,2
85,CLOSE,távirat,kulturált,0.799005151,635,7,3,2,578,9,3,1,CLOSE,1.7,3.45,2.2,3.7,6
86,CLOSE,telefonszám,háztartási,0.773262382,4732,11,4,2,1415,10,4,4,CLOSE,2.1,4.3,3.4,4.5,2
87,CLOSE,tévéműsor,hihetetlen,0.761977196,648,9,4,1,3434,10,4,2,CLOSE,3.2,3.95,4.3,5.2,5
88,CLOSE,törmelék,bontási,0.813603699,730,8,3,1,388,7,3,8,CLOSE,2.1,6.2,5.95,6.35,2
89,CLOSE,tudomány,építészeti,0.795185924,3986,8,3,5,1116,10,5,7,CLOSE,1.75,3.95,4.45,5.85,4
90,CLOSE,tűzijáték,nevezetes,0.772080302,1585,9,4,1,817,9,4,5,CLOSE,2.8,4,5.05,3.5,5
91,CLOSE,újságcikk,döbbenetes,0.750565529,503,9,3,0,999,10,4,6,CLOSE,4.35,4.9,4.45,6.6,2
92,CLOSE,útlezárás,félpályás,0.78665024,1291,9,4,3,1206,9,3,2,CLOSE,2.95,6.3,6.3,6.3,2
93,CLOSE,útmutatás,szellemi,0.783402324,703,9,4,2,6915,8,3,7,CLOSE,3,2.9,2.85,5,2
94,CLOSE,vacsora,meghívásos,0.788909853,2517,7,3,1,352,10,4,5,CLOSE,2.1,5.8,4.1,6.45,4
95,CLOSE,végállomás,átmeneti,0.847806394,893,10,4,4,6049,8,4,7,CLOSE,3.4,3.25,3.15,4.3,2
96,CLOSE,ventilátor,erőteljes,0.84082365,1165,10,4,3,3772,9,4,1,CLOSE,2.75,5.75,5.6,5.45,2
97,CLOSE,világítás,családias,0.78756988,1393,9,4,5,351,9,4,4,CLOSE,2.7,3.55,3.95,2.95,5
98,CLOSE,zarándok,vallásos,0.848571479,1047,8,3,2,1343,8,3,5,CLOSE,2.25,5.35,5.7,5.8,2
99,CLOSE,zeneszerző,fantasztikus,0.936935723,2295,10,4,1,3000,12,4,2,CLOSE,2.9,5.6,5.2,6.75,2
100,CLOSE,zöldség,gyakori,0.840808868,2637,7,2,3,6043,7,3,1,CLOSE,1.45,4.1,3.9,5,6
1,DISTANT,akadály,képzeletbeli,0.681170285,6030,7,3,2,646,12,5,1,DISTANT,3.85,3.6,3.95,6,5
2,DISTANT,albérlet,hátrányos,0.60664767,547,8,3,1,5583,9,3,6,DISTANT,4.3,4.4,4.3,4.05,1
3,DISTANT,alkatrész,karbantartási,0.678542018,2625,9,3,2,503,13,5,4,DISTANT,1.55,4.7,4.65,4.65,5
4,DISTANT,alkohol,szabványos,0.640375018,3138,7,3,2,1426,10,3,2,DISTANT,1.9,2.9,3.45,2.95,5
5,DISTANT,állatkert,alternatív,0.67844069,2056,9,3,3,4055,10,4,1,DISTANT,2.15,2.55,2.75,2.7,5
6,DISTANT,áruházlánc,kockázatos,0.71600765,935,10,4,2,2073,10,4,4,DISTANT,3.05,2.95,2.7,3.7,5
7,DISTANT,ásványvíz,nagysikerű,0.66301918,963,9,3,1,627,10,4,1,DISTANT,1.35,4.75,4.35,5.75,5
8,DISTANT,aszfalt,költséges,0.619830132,977,7,2,4,1185,9,3,7,DISTANT,3,4.4,3.5,4.8,6
9,DISTANT,baktérium,szabadtéri,0.611233532,1448,9,4,1,2682,10,4,5,DISTANT,3.7,3.25,2.6,3.2,5
10,DISTANT,barátnő,fiatalos,0.690293968,3479,7,3,1,622,8,4,3,DISTANT,1.7,5.85,6.5,6.55,4
11,DISTANT,barlang,mesterséges,0.648987412,1015,7,2,2,2071,11,4,8,DISTANT,1.75,5.25,4.95,6.65,4
12,DISTANT,benzinkút,csöndes,0.680133939,1490,9,3,1,328,7,2,6,DISTANT,3,5.35,5.6,6.25,2
13,DISTANT,bölcsőde,lokális,0.631579995,1219,8,3,1,578,7,3,3,DISTANT,1.75,4.7,5.35,6.55,4
14,DISTANT,boríték,lakossági,0.602748156,1364,7,3,3,6638,9,4,7,DISTANT,1.5,3.15,3.85,3.5,5
15,DISTANT,csecsemő,tevékeny,0.655481756,2039,8,3,2,403,8,3,2,DISTANT,2.4,4.65,4.65,4.15,6
16,DISTANT,csengőhang,általános,0.712553442,2279,10,3,1,25132,9,4,3,DISTANT,2.4,5.65,4.6,5.45,3
17,DISTANT,csillagász,tisztességes,0.601381719,606,10,3,4,3762,12,4,7,DISTANT,1.35,4.4,3.5,5.45,2
18,DISTANT,csomagolás,karakteres,0.710149109,1577,10,4,4,625,10,4,6,DISTANT,1.85,4.5,4.7,5.35,2
19,DISTANT,diáklány,törékeny,0.649407744,819,8,3,4,854,8,3,1,DISTANT,3.7,6.1,6.6,6.6,2
20,DISTANT,diktátor,rosszindulatú,0.679314554,1821,8,3,4,2105,13,5,3,DISTANT,6.2,5.85,5.7,6.6,5
21,DISTANT,díszlet,kulturális,0.683287978,1420,7,2,3,24926,10,4,1,DISTANT,1.65,4.6,4.1,4.5,3
22,DISTANT,díszterem,miniszteri,0.636730134,1123,9,3,1,4544,10,4,7,DISTANT,2.6,6.6,5.9,5.45,4
23,DISTANT,egyenruha,vasutas,0.63155067,1598,9,4,1,1481,7,3,6,DISTANT,1.35,6.25,6.8,6.75,2
24,DISTANT,étterem,milliárdos,0.604082525,4657,7,3,4,7498,10,4,7,DISTANT,2.4,4.75,5.15,4.95,4
25,DISTANT,fejedelem,gyarmati,0.65641886,903,9,4,3,862,8,3,3,DISTANT,2.75,4.75,3.35,4.8,2
26,DISTANT,fejfájás,sérüléses,0.629661381,1351,8,3,4,330,9,4,6,DISTANT,4.75,5.5,5.3,5.6,5
27,DISTANT,folyadék,aránytalan,0.676598668,1438,8,3,3,727,10,4,2,DISTANT,2.25,3.1,2.9,2.5,5
28,DISTANT,gorilla,önzetlen,0.626140475,659,7,3,2,338,8,3,1,DISTANT,2.25,4.35,3.65,4.75,6
29,DISTANT,hangszer,vezérkari,0.630462766,1828,8,2,3,996,9,4,6,DISTANT,1.6,4.65,4.05,4.85,6
30,DISTANT,háziorvos,részmunkaidős,0.654777229,2011,9,4,4,365,13,5,1,DISTANT,2.05,5.7,4.75,5.75,7
31,DISTANT,helyezés,időszaki,0.617949784,5834,8,3,4,796,8,4,1,DISTANT,2.25,2.55,1.65,2.85,6
32,DISTANT,horgász,járatos,0.645438075,707,7,2,2,317,7,3,6,DISTANT,1.45,4.9,3.05,5,6
33,DISTANT,iránytű,funkcionális,0.679302096,794,7,3,2,570,12,5,1,DISTANT,1.75,4.9,4.85,4.9,5
34,DISTANT,kánikula,hegyvidéki,0.632834494,1200,8,4,1,354,10,4,2,DISTANT,3.9,4.9,4.35,4.45,5
35,DISTANT,kapitány,tüzérségi,0.616324306,6280,8,3,5,319,9,4,5,DISTANT,2.8,5.9,5.55,6.15,4
36,DISTANT,kastély,speciális,0.709685504,2771,7,2,4,9094,9,4,1,DISTANT,2.5,4.05,4.8,4.3,6
37,DISTANT,képregény,lövöldözős,0.673104167,1156,9,3,5,385,10,4,2,DISTANT,2.75,6,6.5,5.85,2
38,DISTANT,kerékpár,hardveres,0.643690586,3466,8,3,3,1550,9,3,5,DISTANT,1.65,2.65,1.5,2.4,6
39,DISTANT,készpénz,méltánytalan,0.694819331,3600,8,2,3,351,12,4,1,DISTANT,4,3.55,2.9,2.5,5
40,DISTANT,kesztyű,paraszti,0.61781317,891,7,2,1,347,8,3,4,DISTANT,1.6,3.7,4.35,3.15,6
41,DISTANT,királynő,példátlan,0.661574185,2060,8,3,2,2102,9,3,1,DISTANT,2.55,4.55,4.6,5.3,6
42,DISTANT,kirándulás,mielőbbi,0.63326329,1896,10,4,4,1499,8,4,1,DISTANT,2.05,3.85,3.35,5.25,2
43,DISTANT,kolbász,szezonális,0.605840862,867,7,2,2,973,10,4,1,DISTANT,1.6,3.9,3.95,3.15,6
44,DISTANT,kollégium,közüzemi,0.657827318,3139,9,4,3,1019,8,4,4,DISTANT,2.75,4.6,4.35,3.9,5
45,DISTANT,kolostor,puritán,0.734071612,1099,8,3,4,301,7,3,1,DISTANT,3.35,5.3,4.6,5.05,2
46,DISTANT,költészet,farsangi,0.605011106,1207,9,3,4,425,8,3,2,DISTANT,2.1,3.05,2.5,4.1,2
47,DISTANT,kommentár,szakorvosi,0.625912845,2449,9,3,2,348,10,4,6,DISTANT,2.85,5.15,3.5,5.7,4
48,DISTANT,legénység,nagyszámú,0.624375463,1179,9,3,4,672,9,3,3,DISTANT,2.75,5.4,6.4,6.45,2
49,DISTANT,lépcsőház,kollégiumi,0.631753683,634,9,3,1,473,10,5,5,DISTANT,2.45,6.55,6.35,6.7,4
50,DISTANT,levéltár,doktori,0.677691638,1665,8,3,3,1808,7,3,7,DISTANT,1.8,5.65,4.25,5.15,6
51,DISTANT,magazin,állatorvosi,0.735963702,7307,7,3,2,356,11,5,6,DISTANT,1.6,5.7,5.95,6.65,7
52,DISTANT,matrica,kedvezményes,0.701929092,1479,7,3,2,3115,12,4,6,DISTANT,1.9,5.2,5.8,6.1,4
53,DISTANT,mellény,kamionos,0.629222572,909,7,2,5,543,8,4,7,DISTANT,1.4,6.25,5.7,6.1,4
54,DISTANT,menetrend,naprakész,0.703395844,4833,9,3,2,816,9,3,1,DISTANT,2.3,5.35,4.4,6.1,1
55,DISTANT,mikrofon,köztéri,0.60200268,1847,8,3,1,615,7,3,2,DISTANT,1.65,5.9,5.5,5.45,2
56,DISTANT,monitor,digitális,0.725627422,3644,7,3,3,11798,9,4,1,DISTANT,1.65,6.1,6.45,5.5,4
57,DISTANT,műalkotás,posztmodern,0.619737864,784,9,4,1,346,11,3,1,DISTANT,2.75,5.65,4.95,6.05,2
58,DISTANT,műanyag,nemkívánatos,0.724628091,3590,7,3,1,888,12,5,1,DISTANT,3.4,4.9,5.1,4.9,5
59,DISTANT,műemlék,vulkáni,0.654830635,1457,7,3,1,474,7,3,3,DISTANT,2.8,4.85,4.6,5,4
60,DISTANT,mutatvány,szabálytalan,0.609612226,716,9,3,3,909,12,4,1,DISTANT,3.55,3.95,4.6,5.05,5
61,DISTANT,művészet,strukturális,0.65917778,6299,8,3,1,2005,12,4,2,DISTANT,2.05,3.3,3.25,3.8,5
62,DISTANT,nagymama,bámulatos,0.621415973,1874,8,3,1,305,9,4,5,DISTANT,3.15,6.25,6,6.5,4
63,DISTANT,napsütés,hosszas,0.72304523,3340,8,3,2,1776,7,2,7,DISTANT,2.9,5.35,6.4,6.35,2
64,DISTANT,novella,körülményes,0.681544781,925,7,3,1,379,11,4,6,DISTANT,3.1,3.75,2.55,3.95,5
65,DISTANT,olimpikon,bravúros,0.613806427,644,9,4,2,461,8,3,2,DISTANT,2.9,5.15,5.5,6.5,2
66,DISTANT,oroszlán,jelentéktelen,0.658192992,1351,8,3,3,1068,13,5,3,DISTANT,4,3.05,3.55,3.15,5
67,DISTANT,osztályzat,alapfokú,0.713177145,1028,10,3,3,821,8,4,4,DISTANT,2.6,4.3,2.9,3.95,2
68,DISTANT,ösztöndíj,partnerségi,0.680144787,2344,9,3,1,465,11,4,3,DISTANT,2.05,4.7,2.1,4.3,2
69,DISTANT,pénztárca,alvilági,0.690712929,1902,9,3,3,393,8,4,3,DISTANT,3.55,2.25,2.8,2.6,6
70,DISTANT,pisztoly,ellenséges,0.692499638,1679,8,2,3,1644,10,4,8,DISTANT,4.95,4.35,4.55,4.35,4
71,DISTANT,professzor,alkotmányügyi,0.640873194,6091,10,3,5,1277,13,5,2,DISTANT,2.45,5.65,3.5,3.95,7
72,DISTANT,rémálom,erőszakos,0.626735747,769,7,3,1,4257,9,4,1,DISTANT,6.5,4.55,5.7,6,1
73,DISTANT,repülőjegy,azonnali,0.665511608,590,10,4,0,6934,8,4,2,DISTANT,2.4,6,5.7,6.2,2
74,DISTANT,sütemény,házassági,0.659826398,1032,8,3,3,422,9,4,6,DISTANT,2.4,4.05,4.5,2.7,5
75,DISTANT,szabadidő,gyermekkori,0.641961992,1588,9,4,1,470,11,4,7,DISTANT,4,5.55,5.3,6.15,2
76,DISTANT,szakadék,kedvezőtlen,0.659476936,1478,8,3,4,3202,11,4,2,DISTANT,3.95,2.85,3.3,2.35,5
77,DISTANT,szélvihar,kíméletlen,0.629371643,490,9,3,0,564,10,4,2,DISTANT,5.5,5.75,6.05,6.5,2
78,DISTANT,szemüveg,elsődleges,0.657139182,1594,8,3,4,6398,10,4,1,DISTANT,2.3,4.25,3.75,3.75,5
79,DISTANT,szerszám,illegális,0.606139541,812,8,2,4,5833,9,4,1,DISTANT,3.8,4.1,3.65,5.05,6
80,DISTANT,színdarab,társulati,0.617525458,571,9,3,1,342,9,4,7,DISTANT,2.45,5.8,5.8,5.1,4
81,DISTANT,szőnyeg,templomi,0.613664091,1303,7,2,1,410,8,3,8,DISTANT,1.9,6.4,6.05,6.5,4
82,DISTANT,találmány,kapitalista,0.624990702,1346,9,3,4,357,11,5,1,DISTANT,3.35,4.65,3.95,5.1,5
83,DISTANT,tananyag,akadémiai,0.685996056,1192,8,3,3,833,9,6,2,DISTANT,3.25,5.3,4.35,6.45,5
84,DISTANT,tanfolyam,fizikai,0.710693121,1871,9,3,2,6220,7,4,2,DISTANT,2.45,4.15,3.9,4.5,2
85,DISTANT,távirat,formális,0.698574662,635,7,3,2,897,8,3,2,DISTANT,2.35,4.3,5.15,6,4
86,DISTANT,telefonszám,térségbeli,0.631895483,4732,11,4,2,1020,10,4,1,DISTANT,1.6,5.45,3.15,4.9,2
87,DISTANT,tévéműsor,paradox,0.614799202,648,9,4,1,662,7,3,1,DISTANT,3.3,2.8,2.15,3.7,2
88,DISTANT,törmelék,életveszélyes,0.657350659,730,8,3,1,3907,13,5,3,DISTANT,4.75,5.8,6.2,6.4,5
89,DISTANT,tudomány,genetikai,0.662602782,3986,8,3,5,1398,9,5,2,DISTANT,2.4,4.8,2.6,5.45,7
90,DISTANT,tűzijáték,verhetetlen,0.664982438,1585,9,4,1,357,11,4,2,DISTANT,2.4,3.2,4.55,3.15,5
91,DISTANT,újságcikk,igazságtalan,0.626544654,503,9,3,0,1736,12,5,2,DISTANT,5.75,5.35,4.5,5.75,5
92,DISTANT,útlezárás,gyorsforgalmi,0.620973349,1291,9,4,3,882,13,4,3,DISTANT,2.8,5.9,5.45,6.2,7
93,DISTANT,útmutatás,lelkiismereti,0.671042442,703,9,4,2,476,13,6,6,DISTANT,3.5,3.7,2.5,5.05,5
94,DISTANT,vacsora,ügyészségi,0.606223464,2517,7,3,1,1538,10,4,4,DISTANT,2.2,4.95,4.9,4.5,4
95,DISTANT,végállomás,belvárosi,0.709046066,893,10,4,4,2263,9,4,7,DISTANT,2.1,5.7,5.7,6.1,2
96,DISTANT,ventilátor,nagyobbik,0.703383446,1165,10,4,3,1603,9,3,1,DISTANT,1.75,5.9,6.55,6.3,2
97,DISTANT,világítás,ünnepélyes,0.624678135,1393,9,4,5,3199,10,4,5,DISTANT,2.35,5.9,6.1,5.75,2
98,DISTANT,zarándok,püspöki,0.736171305,1047,8,3,2,1773,7,3,6,DISTANT,1.9,4.4,4,4.2,6
99,DISTANT,zeneszerző,rendkívüli,0.714982808,2295,10,4,1,13622,10,4,2,DISTANT,3.3,5.4,4.8,6.05,3
100,DISTANT,zöldség,korlátlan,0.718350351,2637,7,2,3,1924,9,3,2,DISTANT,2.05,3.9,4.75,3.95,6
1,FOIL,ábrázolás,szokatlan,0,839,9,4,4,3495,9,3,1,FOIL,2.55,4.45,3.45,6.05,2
2,FOIL,adottság,pozitív,0,1928,8,3,3,10499,7,3,1,FOIL,2.15,3.8,3,6,6
3,FOIL,alapanyag,folyékony,0,2168,9,4,4,612,9,3,1,FOIL,1.75,5.6,5.6,6.45,2
4,FOIL,államférfi,diszkrét,0,599,10,4,4,535,8,2,1,FOIL,1.8,3.8,3.65,4.7,2
5,FOIL,áramlat,belföldi,0,1372,7,3,2,3239,8,3,4,FOIL,1.8,3.05,2.25,2.8,6
6,FOIL,asszisztens,tárgyalási,0,1083,11,3,4,2106,10,4,6,FOIL,2.05,4.45,4.4,5.25,2
7,FOIL,bábszínház,virtuális,0,636,10,3,2,5945,9,4,1,FOIL,1.85,4.6,4.95,4.6,2
8,FOIL,bankrablás,tavalyi,0,535,10,3,2,16956,7,3,7,FOIL,3.8,5.35,4.15,6.15,3
9,FOIL,becslés,szakszerű,0,7246,7,2,4,968,9,3,2,FOIL,2.1,5.25,2.4,6,4
10,FOIL,berendezés,egyszerű,0,6368,10,4,5,22554,8,3,3,FOIL,1.5,5.45,5.7,6.15,3
11,FOIL,borvidék,csapadékos,0,827,8,3,2,840,10,4,4,FOIL,2.55,5.5,6.15,5.65,4
12,FOIL,bűntett,embertelen,0,7349,7,2,1,964,10,4,1,FOIL,6.6,5.6,4.3,6.1,1
13,FOIL,célpont,potenciális,0,3846,7,2,1,2486,11,5,2,FOIL,4.55,5.8,4.7,6.4,5
14,FOIL,családfő,becsületes,0,479,8,3,1,1099,10,4,6,FOIL,2.65,5.8,4.7,6.65,4
15,FOIL,csarnok,hivatali,0,1997,7,2,5,4213,8,4,7,FOIL,1.6,5.45,5.1,4.45,4
16,FOIL,császár,tudatos,0,1880,7,2,5,2350,7,3,6,FOIL,2.1,3.9,3.25,4.75,6
17,FOIL,csemege,temérdek,0,805,7,3,1,494,8,3,1,FOIL,2.3,4.8,5.75,5.75,4
18,FOIL,diskurzus,társadalmi,0,476,9,3,1,23674,10,4,7,FOIL,2.4,3.4,2.35,5.5,3
19,FOIL,díszvendég,nagyvonalú,0,656,10,3,2,494,10,4,2,FOIL,2.05,4.75,4.65,5.2,5
20,FOIL,dulakodás,szándékos,0,585,9,4,0,1215,9,3,7,FOIL,5.55,5.9,5.6,5.85,2
21,FOIL,élettárs,passzív,0,2516,8,3,3,1448,7,2,5,FOIL,4.45,3.8,3.8,4.3,1
22,FOIL,ellenőr,közömbös,0,1812,7,3,3,568,8,3,1,FOIL,2.25,5.65,6.15,5.9,4
23,FOIL,engedmény,felelőtlen,0,1190,9,3,2,1991,10,4,1,FOIL,4.55,3.55,2.45,4.1,5
24,FOIL,értékrend,szubjektív,0,2241,9,3,4,1070,10,3,1,FOIL,1.85,4.35,1.65,5.9,2
25,FOIL,értesítés,sokszoros,0,2230,9,4,4,516,9,3,3,FOIL,3.5,4.9,4.55,6,2
26,FOIL,észrevétel,lényegtelen,0,1877,10,4,3,442,11,4,2,FOIL,2.95,4.3,2.15,5.9,2
27,FOIL,felajánlás,tömeges,0,1792,10,4,4,3303,7,3,8,FOIL,3.5,4.8,3.9,5.6,2
28,FOIL,felsorolás,tartalmi,0,1057,10,4,4,1984,8,3,5,FOIL,1.4,4.15,3.95,6,2
29,FOIL,fenyegetés,írásbeli,0,5210,10,4,5,2291,8,4,6,FOIL,5.5,6.45,5.15,6.45,7
30,FOIL,fertőzés,hosszútávú,0,3797,8,3,1,563,10,4,1,FOIL,6,5.2,3.65,5.8,1
31,FOIL,focista,rugalmas,0,744,7,3,1,2314,8,3,1,FOIL,1.85,4,3.7,4,6
32,FOIL,főhadnagy,harcias,0,1176,9,3,1,437,7,3,1,FOIL,3.25,6,6,5.75,2
33,FOIL,földrengés,sorozatos,0,4360,10,3,5,1199,9,4,5,FOIL,5.8,6.1,5,6.05,7
34,FOIL,forgatás,tökéletes,0,2380,8,3,5,5587,9,4,4,FOIL,1.6,4.35,3.65,5.3,4
35,FOIL,frontember,lendületes,0,588,10,3,0,483,10,4,8,FOIL,1.6,4.6,5.6,5.6,2
36,FOIL,fürdőszoba,keskeny,0,729,10,4,1,762,7,2,1,FOIL,2.45,6.4,6.6,6.35,2
37,FOIL,gombnyomás,fölösleges,0,1163,10,3,1,1092,10,4,7,FOIL,2.05,4.4,4.55,6.35,2
38,FOIL,gyűjtemény,sokszínű,0,3860,10,3,1,1038,8,3,1,FOIL,2.15,4.4,5.1,5.65,2
39,FOIL,gyulladás,fájdalmas,0,756,9,3,3,2001,9,3,6,FOIL,5,5.85,4.6,6.55,2
40,FOIL,gyűlölet,mélységes,0,2004,8,3,1,415,9,3,6,FOIL,6.2,5.7,3.2,6.35,1
41,FOIL,hadjárat,szerencsétlen,0,1413,8,3,4,2074,13,4,3,FOIL,4.7,5.2,4.25,5.85,5
42,FOIL,hátrány,mentális,0,7114,7,2,4,861,8,3,3,FOIL,4.9,3.75,3.25,5.85,1
43,FOIL,havazás,folyamatos,0,3637,7,3,4,10275,10,4,6,FOIL,3.85,6.45,6.8,6.9,4
44,FOIL,házastárs,eszméletlen,0,909,9,3,3,520,11,4,3,FOIL,5.8,5.55,5.05,5.4,5
45,FOIL,hazugság,kisebbik,0,3451,8,3,4,1351,8,3,4,FOIL,4.65,3.05,2.4,5.7,1
46,FOIL,hercegnő,szigorú,0,1207,8,3,2,8605,7,3,6,FOIL,2.45,5.35,5.4,6.4,3
47,FOIL,hetilap,közérdekű,0,3156,7,3,1,1687,9,4,4,FOIL,2.55,6,6,5.75,4
48,FOIL,hirdetés,releváns,0,4687,8,3,4,763,8,3,1,FOIL,2.15,5.15,4.55,6.3,1
49,FOIL,irodaház,szemközti,0,942,8,4,3,638,9,3,4,FOIL,1.45,6.65,6.3,6.6,2
50,FOIL,játszma,belpolitikai,0,1655,7,2,1,2408,12,6,2,FOIL,5.15,3.95,2.85,6.35,5
51,FOIL,jutalom,kívánatos,0,3275,7,3,1,1846,9,4,2,FOIL,3,4.9,4.2,5.85,4
52,FOIL,kertész,szakképzett,0,2363,7,2,5,480,11,3,1,FOIL,1.25,6.2,6.2,6.7,4
53,FOIL,kézikönyv,földrajzi,0,662,9,3,2,2472,9,3,5,FOIL,1.8,6.1,6.15,6.2,2
54,FOIL,kiképzés,lélektani,0,1449,8,3,5,743,9,4,7,FOIL,4.2,4.4,2.7,4.3,4
55,FOIL,kitüntetés,jelképes,0,4318,10,4,5,1178,8,3,8,FOIL,3.25,4.95,4.5,6.1,7
56,FOIL,korlátozás,munkahelyi,0,7015,10,4,4,1797,10,4,7,FOIL,4.6,4.8,3.75,5.65,7
57,FOIL,korosztály,szerencsés,0,4689,10,3,5,5339,10,3,8,FOIL,2.75,4.45,3.65,6,7
58,FOIL,korszak,bizonytalan,0,5827,7,2,4,5295,11,4,1,FOIL,5.45,3.85,3,5.4,1
59,FOIL,követelés,eredményes,0,5876,9,4,3,5287,10,4,8,FOIL,3.55,4.65,2.9,6,7
60,FOIL,közvetítés,globális,0,2665,10,4,5,8481,8,3,1,FOIL,3.05,5.45,5.4,5.75,3
61,FOIL,kritika,érthetetlen,0,6864,7,3,1,2277,11,4,4,FOIL,4.55,4.65,3.25,5.85,1
62,FOIL,küldemény,dobozos,0,1003,9,3,3,970,7,3,7,FOIL,1.9,5.6,6.75,6.45,2
63,FOIL,laktanya,községi,0,1021,8,3,3,670,7,3,5,FOIL,2.4,5.45,5.1,4.6,6
64,FOIL,lázadás,széleskörű,0,945,7,3,5,1556,10,4,1,FOIL,5.55,5.35,5,5.25,5
65,FOIL,leépítés,túlzott,0,2318,8,4,4,2708,7,2,2,FOIL,5.2,4.75,2.7,5.95,1
66,FOIL,megjegyzés,egyértelmű,0,3288,10,3,4,11495,10,4,1,FOIL,2.5,5.65,2.5,6.1,3
67,FOIL,meglátás,egyoldalú,0,1153,8,3,3,1776,9,4,4,FOIL,3.4,4.35,2.35,6.3,4
68,FOIL,mellékhatás,közvetett,0,918,11,4,4,1115,9,3,2,FOIL,4.65,3.85,2.6,5.25,2
69,FOIL,mellékutca,rendezetlen,0,573,10,4,0,427,11,4,3,FOIL,3.45,5.35,5.95,5.85,2
70,FOIL,merénylő,gondatlan,0,1494,8,3,1,869,9,3,1,FOIL,5.2,4.7,4.5,4.5,1
71,FOIL,mozdulat,harmonikus,0,2331,8,3,5,567,10,4,2,FOIL,2.25,4.7,4.35,4.3,5
72,FOIL,mozzanat,színészi,0,983,8,3,2,942,8,3,7,FOIL,2.7,5.1,4.65,5.25,2
73,FOIL,munkagép,kicsiny,0,1398,8,3,1,960,7,2,6,FOIL,1.5,5.35,5.55,5.45,2
74,FOIL,munkanap,tetszőleges,0,1952,8,3,2,865,11,4,1,FOIL,2.4,3.95,3.55,5.65,2
75,FOIL,nagykövet,befolyásos,0,7228,9,3,2,1470,10,4,5,FOIL,2.8,5.95,5.05,6.35,4
76,FOIL,népcsoport,kétnyelvű,0,847,10,3,4,1121,9,3,1,FOIL,1.85,5.55,4.5,6.55,2
77,FOIL,nézőpont,kézenfekvő,0,1480,8,3,1,875,10,4,1,FOIL,2.05,3.9,2.25,4.45,2
78,FOIL,nyereség,pillanatnyi,0,4712,8,3,5,1179,11,4,2,FOIL,3.8,4.45,3.25,6.35,7
79,FOIL,olvasmány,irodalmi,0,593,9,3,0,4601,8,4,7,FOIL,2.85,5.4,6.35,6.85,4
80,FOIL,operatőr,hivatásos,0,1019,8,4,2,3472,9,4,7,FOIL,1.35,6.55,5.95,6.55,2
81,FOIL,őrmester,méltatlan,0,552,8,3,1,1723,9,3,2,FOIL,3.5,4.7,3.3,5.3,1
82,FOIL,országrész,középső,0,1927,10,3,3,3447,7,3,1,FOIL,1.4,6,5.65,6.75,2
83,FOIL,pályafutás,dicséretes,0,3897,10,4,5,469,10,4,8,FOIL,3.05,4.7,4.6,5.5,7
84,FOIL,parancs,vitathatatlan,0,4012,7,2,4,667,13,5,1,FOIL,4.3,5.7,3.1,6.05,5
85,FOIL,párbeszéd,kötetlen,0,6299,9,3,3,695,8,3,5,FOIL,2.4,5.3,4.4,6.65,4
86,FOIL,pontszám,egyenlő,0,1320,8,2,3,4474,7,3,1,FOIL,2.5,6.1,5.25,5.9,4
87,FOIL,protokoll,sebészeti,0,1295,9,3,3,459,9,4,5,FOIL,4.45,5.6,3.3,6.25,2
88,FOIL,pszichiáter,hűséges,0,814,11,4,4,1248,7,3,2,FOIL,2.55,4.9,3.05,5.05,2
89,FOIL,publicista,hiteles,0,1111,10,4,1,4985,7,3,8,FOIL,1.7,4.2,3.1,5.35,2
90,FOIL,rokonság,tipikus,0,777,8,3,3,1673,7,3,3,FOIL,2.95,4.25,3.65,3.5,2
91,FOIL,rosszullét,klinikai,0,742,10,3,1,1131,8,4,2,FOIL,5.9,5,4.25,4.1,2
92,FOIL,sorrend,javítási,0,3666,7,2,5,518,8,4,4,FOIL,1.75,4.75,3.65,6.15,4
93,FOIL,sorsolás,helytelen,0,1643,8,3,4,1039,9,3,3,FOIL,4.05,4.6,3,5.65,4
94,FOIL,szállítás,időigényes,0,4813,9,3,5,395,10,5,1,FOIL,3.15,5.6,4.15,5.9,7
95,FOIL,szekrény,kaotikus,0,1129,8,2,4,699,8,4,1,FOIL,2.75,4.25,5.85,5.1,4
96,FOIL,szenzor,mágneses,0,959,7,2,3,692,8,3,6,FOIL,1.55,5.1,3.95,5.4,6
97,FOIL,szerencse,viszonylagos,0,5746,9,3,1,698,12,4,3,FOIL,3.2,3.45,2.45,3.85,5
98,FOIL,szivárgás,fokozatos,0,520,9,3,1,1177,9,4,7,FOIL,4.05,5.25,4.35,6.25,2
99,FOIL,szörnyeteg,láthatatlan,0,531,10,3,0,1239,11,4,4,FOIL,4.55,3.3,4.05,5.35,5
100,FOIL,táplálék,elégséges,0,945,8,3,3,1780,9,4,5,FOIL,3.3,4.95,4.65,6.2,4
101,FOIL,tartozás,nagymértékű,0,5559,8,3,4,437,11,4,1,FOIL,5.25,5.1,4.8,6.65,1
102,FOIL,tehetség,példaértékű,0,4105,8,3,4,885,11,5,3,FOIL,3.05,4.05,3.8,6.1,7
103,FOIL,testmozgás,komplex,0,624,10,3,3,2818,7,2,2,FOIL,2.15,5.2,5.7,6.05,2
104,FOIL,testrész,előnytelen,0,636,8,2,2,473,10,4,1,FOIL,4.75,4.15,5.1,5.95,5
105,FOIL,tiltakozás,egyhangú,0,5386,10,4,4,892,8,3,2,FOIL,4.2,5.3,4.75,6.55,1
106,FOIL,tinédzser,kíváncsi,0,795,9,3,2,5894,8,3,2,FOIL,2.1,5.25,5.55,6.8,2
107,FOIL,titkárság,egyszemélyes,0,1040,9,3,3,628,12,4,1,FOIL,1.5,4.65,5.45,5.4,5
108,FOIL,üdvözlet,kölcsönös,0,726,8,3,1,2208,9,3,4,FOIL,2.65,5.8,5.3,6.5,2
109,FOIL,ügyintézés,zökkenőmentes,0,1849,10,4,3,887,13,5,1,FOIL,1.9,5.55,4.55,6.5,7
110,FOIL,utasítás,elnökségi,0,5327,8,4,4,4277,9,4,8,FOIL,2.7,5,2.7,5.85,7
111,FOIL,útvonal,ajánlatos,0,5624,7,3,3,584,9,4,5,FOIL,1.6,4.8,4.55,5.65,4
112,FOIL,üzemanyag,kártékony,0,3744,9,4,4,6706,9,3,1,FOIL,3.75,5.1,4.25,5.7,3
113,FOIL,választék,egyforma,0,1419,9,3,4,1192,8,3,2,FOIL,2.25,4.75,4.5,5.15,2
114,FOIL,vallomás,következetes,0,6889,8,3,5,1340,12,5,3,FOIL,3.8,3.9,2.75,4.95,7
115,FOIL,védekezés,célszerű,0,5447,9,4,4,2801,8,3,4,FOIL,3.35,4.45,3.55,5.8,1
116,FOIL,védőoltás,hatékony,0,1615,9,4,1,12155,8,3,2,FOIL,3.85,5.3,4.55,6.55,3
117,FOIL,végeredmény,lehetséges,0,5372,11,4,4,14891,10,4,4,FOIL,2.9,4.15,4.25,6.2,3
118,FOIL,veszekedés,hétköznapi,0,735,10,4,3,2641,10,4,3,FOIL,5.55,5.05,6,6.45,7
119,FOIL,vészhelyzet,időjárási,0,1043,11,3,2,1814,9,5,1,FOIL,4.75,5.4,5.15,6,2
120,FOIL,vetélytárs,egyedüli,0,2392,10,3,2,2749,8,4,5,FOIL,3.25,4.7,4.7,5.95,2
121,FOIL,vetítés,egyszeri,0,1678,7,3,4,2982,8,3,3,FOIL,1.55,5.8,4.2,6.15,2
122,FOIL,vezetőség,tartományi,0,3803,9,4,2,2253,10,4,7,FOIL,2,3.7,2.35,3.85,5
123,FOIL,villany,infravörös,0,826,7,2,5,464,10,4,1,FOIL,1.95,5.75,5.95,4.8,4
124,FOIL,zaklatás,pszichés,0,1370,8,3,3,534,8,2,5,FOIL,6.05,5.05,3.1,5.55,1
125,FOIL,zűrzavar,érzelmi,0,667,8,3,1,1869,7,3,7,FOIL,5.7,4.6,3.65,5.8,1
